Business Name,Distributor,Territory (search within these cities),State,Address
FEATHER OAKS,Tri-Eagle Sales,"Tallahassee, Gainesville, Ocala",FL,
LOCAL STORE INC,Tri-Eagle Sales,"Tallahassee, Gainesville, Ocala",FL,
QUICK N SAVE,Tri-Eagle Sales,"Tallahassee, Gainesville, Ocala",FL,
KANGAROO EXPRESS #2658011,Tri-Eagle Sales,"Tallahassee, Gainesville, Ocala",FL,
FOOD GLORIOUS FOOD,Tri-Eagle Sales,"Tallahassee, Gainesville, Ocala",FL,
BEER STOP,Tri-Eagle Sales,"Tallahassee, Gainesville, Ocala",FL,
SPECIAL EVENT ACCOUNT,Tri-Eagle Sales,"Tallahassee, Gainesville, Ocala",FL,
BACKWOODS CROSSING,Tri-Eagle Sales,"Tallahassee, Gainesville, Ocala",FL,
FOOD N FILL #2,Tri-Eagle Sales,"Tallahassee, Gainesville, Ocala",FL,
MIKE S BEER AND LIQUOR BARN,Tri-Eagle Sales,"Tallahassee, Gainesville, Ocala",FL,
JERRYS CIGAR SHOP NORTH EAST LLC,Tri-Eagle Sales,"Tallahassee, Gainesville, Ocala",FL,
SUNSTOP MARKET#584/THE THIRSTYS PRO,Tri-Eagle Sales,"Tallahassee, Gainesville, Ocala",FL,
CAPTAINS CORNER STORE,Tri-Eagle Sales,"Tallahassee, Gainesville, Ocala",FL,
BEER CITY,Tri-Eagle Sales,"Tallahassee, Gainesville, Ocala",FL,
ST. JAMES BAY,Tri-Eagle Sales,"Tallahassee, Gainesville, Ocala",FL,
A TO Z LIQUORS,Tri-Eagle Sales,"Tallahassee, Gainesville, Ocala",FL,
MCKENZIE MARKET#11,Tri-Eagle Sales,"Tallahassee, Gainesville, Ocala",FL,
VICE SOCIETY,Tri-Eagle Sales,"Tallahassee, Gainesville, Ocala",FL,
HAVANA PACKAGE INC,Tri-Eagle Sales,"Tallahassee, Gainesville, Ocala",FL,
KRISH FOOD MART,Tri-Eagle Sales,"Tallahassee, Gainesville, Ocala",FL,
DECENT PIZZA,Tri-Eagle Sales,"Tallahassee, Gainesville, Ocala",FL,
GOLDEN FALCON LIQUOR,Tri-Eagle Sales,"Tallahassee, Gainesville, Ocala",FL,
TOMAHAWKS 51 AXE THROWING,Tri-Eagle Sales,"Tallahassee, Gainesville, Ocala",FL,
PAN FOOD STORES,Tri-Eagle Sales,"Tallahassee, Gainesville, Ocala",FL,
BOWDEN S,Tri-Eagle Sales,"Tallahassee, Gainesville, Ocala",FL,
SHIELDS MARINA,Tri-Eagle Sales,"Tallahassee, Gainesville, Ocala",FL,
WHIPPOORWILL SPORTSMANS LODGE INC,Tri-Eagle Sales,"Tallahassee, Gainesville, Ocala",FL,
Z. BARDHI S ITALIAN CUISINE INC,Tri-Eagle Sales,"Tallahassee, Gainesville, Ocala",FL,
CIRCLE 1,Tri-Eagle Sales,"Tallahassee, Gainesville, Ocala",FL,
COMMONWEALTH SHELL,Tri-Eagle Sales,"Tallahassee, Gainesville, Ocala",FL,
CORNER POCKET,Tri-Eagle Sales,"Tallahassee, Gainesville, Ocala",FL,
ALCHEMY CLIMBING,Tri-Eagle Sales,"Tallahassee, Gainesville, Ocala",FL,
HOGLY WOGLY #8,Tri-Eagle Sales,"Tallahassee, Gainesville, Ocala",FL,
GATE SERVICE STATION #1194,Tri-Eagle Sales,"Tallahassee, Gainesville, Ocala",FL,
MARKS 9 FOOD & GAS,Tri-Eagle Sales,"Tallahassee, Gainesville, Ocala",FL,
BEEF O BRADYS - CAP CIR SE,Tri-Eagle Sales,"Tallahassee, Gainesville, Ocala",FL,
THE GOVERNORS CLUB,Tri-Eagle Sales,"Tallahassee, Gainesville, Ocala",FL,
ISABELLAS PIZZERIA,Tri-Eagle Sales,"Tallahassee, Gainesville, Ocala",FL,
SEMINOLE LEGACY GOLF CLUB,Tri-Eagle Sales,"Tallahassee, Gainesville, Ocala",FL,
MOM AND DAD S RESTAURANT - NORTH,Tri-Eagle Sales,"Tallahassee, Gainesville, Ocala",FL,
KILLEARN COUNTRY CLUB,Tri-Eagle Sales,"Tallahassee, Gainesville, Ocala",FL,
HUMMINGBIRD WINE BAR,Tri-Eagle Sales,"Tallahassee, Gainesville, Ocala",FL,
MAHAN PETRO,Tri-Eagle Sales,"Tallahassee, Gainesville, Ocala",FL,
DOC S LIQUORS HAVANA,Tri-Eagle Sales,"Tallahassee, Gainesville, Ocala",FL,
FLAMINGOZ A TASTE OF MIAMI,Tri-Eagle Sales,"Tallahassee, Gainesville, Ocala",FL,
SAKURA JAPANESE SUSHI AND GRILL,Tri-Eagle Sales,"Tallahassee, Gainesville, Ocala",FL,
AMI 101 FOOD MART,Tri-Eagle Sales,"Tallahassee, Gainesville, Ocala",FL,
FUMA CIGAR SOCIAL,Tri-Eagle Sales,"Tallahassee, Gainesville, Ocala",FL,
BLU HALO (THE),Tri-Eagle Sales,"Tallahassee, Gainesville, Ocala",FL,
WAKULLA SANDS GOLF CLUB,Tri-Eagle Sales,"Tallahassee, Gainesville, Ocala",FL,
HWY 20 FOOD MART,Tri-Eagle Sales,"Tallahassee, Gainesville, Ocala",FL,
NORTHGATE SHELL,Tri-Eagle Sales,"Tallahassee, Gainesville, Ocala",FL,
FOUR POINTS BY SHERATON TALL DOWNTO,Tri-Eagle Sales,"Tallahassee, Gainesville, Ocala",FL,
BJS RESTURANT AND BREWHOUSE,Tri-Eagle Sales,"Tallahassee, Gainesville, Ocala",FL,
BURNED BEARD BREWING,Tri-Eagle Sales,"Tallahassee, Gainesville, Ocala",FL,
SONNY S N. MONROE,Tri-Eagle Sales,"Tallahassee, Gainesville, Ocala",FL,
ORCHARD POND ORGANICS,Tri-Eagle Sales,"Tallahassee, Gainesville, Ocala",FL,
SUSHI SIAM,Tri-Eagle Sales,"Tallahassee, Gainesville, Ocala",FL,
SPEAR IT LIQUORS,Tri-Eagle Sales,"Tallahassee, Gainesville, Ocala",FL,
MARKET LIQUOR - APLA PKWY,Tri-Eagle Sales,"Tallahassee, Gainesville, Ocala",FL,
ISLAND DOG BEACH AND SURF,Tri-Eagle Sales,"Tallahassee, Gainesville, Ocala",FL,
TAKKO KOREAN TAQUERIA2,Tri-Eagle Sales,"Tallahassee, Gainesville, Ocala",FL,
FRED GEORGE CHEVRON #4015,Tri-Eagle Sales,"Tallahassee, Gainesville, Ocala",FL,
HAPPY FOOD & GAS,Tri-Eagle Sales,"Tallahassee, Gainesville, Ocala",FL,
CENTERVILLE MART,Tri-Eagle Sales,"Tallahassee, Gainesville, Ocala",FL,
VICTORY FOOD MART,Tri-Eagle Sales,"Tallahassee, Gainesville, Ocala",FL,
CAMPUS EXPRESS ONYX,Tri-Eagle Sales,"Tallahassee, Gainesville, Ocala",FL,
SMORGASBORD CATERING,Tri-Eagle Sales,"Tallahassee, Gainesville, Ocala",FL,
SAN MARCOS SHELL,Tri-Eagle Sales,"Tallahassee, Gainesville, Ocala",FL,
LAKE JACKSON PANTRY,Tri-Eagle Sales,"Tallahassee, Gainesville, Ocala",FL,
ASAP SMOKE SHOP - JACKSON BLUFF,Tri-Eagle Sales,"Tallahassee, Gainesville, Ocala",FL,
SWEET BOOZY CAKES BAKERY & CAFE,Tri-Eagle Sales,"Tallahassee, Gainesville, Ocala",FL,
SEINEYARD AT WILDWOOD,Tri-Eagle Sales,"Tallahassee, Gainesville, Ocala",FL,
MARKET SQUARE LIQUOR #3,Tri-Eagle Sales,"Tallahassee, Gainesville, Ocala",FL,
COUNTRY CORNER SHELL,Tri-Eagle Sales,"Tallahassee, Gainesville, Ocala",FL,
THE CHILL SPOT,Tri-Eagle Sales,"Tallahassee, Gainesville, Ocala",FL,
GEO S POOL & PUB_2,Tri-Eagle Sales,"Tallahassee, Gainesville, Ocala",FL,
THE BARK,Tri-Eagle Sales,"Tallahassee, Gainesville, Ocala",FL,
TAKKO KOREAN TAQUERIA,Tri-Eagle Sales,"Tallahassee, Gainesville, Ocala",FL,
TARA ANGEL S MAGIC,Tri-Eagle Sales,"Tallahassee, Gainesville, Ocala",FL,
ARGONAUT COFFEE,Tri-Eagle Sales,"Tallahassee, Gainesville, Ocala",FL,
HALF TIME - LAKE BRADFORD RD.,Tri-Eagle Sales,"Tallahassee, Gainesville, Ocala",FL,
DAVES PIZZA GARAGE,Tri-Eagle Sales,"Tallahassee, Gainesville, Ocala",FL,
RED PIRATE FAMILY BAR & GRILL,Tri-Eagle Sales,"Tallahassee, Gainesville, Ocala",FL,
MANGO MIKE S SPORTS BAR & GRILL,Tri-Eagle Sales,"Tallahassee, Gainesville, Ocala",FL,
LEMON & THYME,Tri-Eagle Sales,"Tallahassee, Gainesville, Ocala",FL,
HARRY A S BAR & GRILL,Tri-Eagle Sales,"Tallahassee, Gainesville, Ocala",FL,
PRIME TIME ADDAAA,Tri-Eagle Sales,"Tallahassee, Gainesville, Ocala",FL,
MASA RESTAURANT LLC,Tri-Eagle Sales,"Tallahassee, Gainesville, Ocala",FL,
THE SOUND BAR,Tri-Eagle Sales,"Tallahassee, Gainesville, Ocala",FL,
THE RED SHED OF TALLAHASSEE,Tri-Eagle Sales,"Tallahassee, Gainesville, Ocala",FL,
JERIS,Tri-Eagle Sales,"Tallahassee, Gainesville, Ocala",FL,
3 GUYS OF TALLAHASSEE,Tri-Eagle Sales,"Tallahassee, Gainesville, Ocala",FL,
NELSONS BURGER BAR,Tri-Eagle Sales,"Tallahassee, Gainesville, Ocala",FL,
POCO VINO,Tri-Eagle Sales,"Tallahassee, Gainesville, Ocala",FL,
HAVANA SPRINGS RESORT,Tri-Eagle Sales,"Tallahassee, Gainesville, Ocala",FL,
MCKENZIE MARKETS #12,Tri-Eagle Sales,"Tallahassee, Gainesville, Ocala",FL,
VINEYARD SHELL,Tri-Eagle Sales,"Tallahassee, Gainesville, Ocala",FL,
LYNNS LIQUOR STORE,Tri-Eagle Sales,"Tallahassee, Gainesville, Ocala",FL,
SPRING CREEK CORNER,Tri-Eagle Sales,"Tallahassee, Gainesville, Ocala",FL,
WING STOP #1,Tri-Eagle Sales,"Tallahassee, Gainesville, Ocala",FL,
FLY BY PHILLY S,Tri-Eagle Sales,"Tallahassee, Gainesville, Ocala",FL,
DON JULIO S BAR AND GRILL,Tri-Eagle Sales,"Tallahassee, Gainesville, Ocala",FL,
LLOYD LIQUORS,Tri-Eagle Sales,"Tallahassee, Gainesville, Ocala",FL,
VALE FOOD CO.,Tri-Eagle Sales,"Tallahassee, Gainesville, Ocala",FL,
MADDIES MARKET,Tri-Eagle Sales,"Tallahassee, Gainesville, Ocala",FL,
TALLY CAT CAFE LLC,Tri-Eagle Sales,"Tallahassee, Gainesville, Ocala",FL,
STIX POOL AND BAR,Tri-Eagle Sales,"Tallahassee, Gainesville, Ocala",FL,
TALLAHASSEE AUTOMOBILE MUSEUM,Tri-Eagle Sales,"Tallahassee, Gainesville, Ocala",FL,
MADISON GOLF AND COUNTRY CLUB,Tri-Eagle Sales,"Tallahassee, Gainesville, Ocala",FL,
ALLUXSUITES @ 1876,Tri-Eagle Sales,"Tallahassee, Gainesville, Ocala",FL,
WESTWOOD SHELL,Tri-Eagle Sales,"Tallahassee, Gainesville, Ocala",FL,
GAINES STREET SHELL,Tri-Eagle Sales,"Tallahassee, Gainesville, Ocala",FL,
OSAKA JAPANESE STEAK HOUSE & SUSHI,Tri-Eagle Sales,"Tallahassee, Gainesville, Ocala",FL,
PJS LIQUOR,Tri-Eagle Sales,"Tallahassee, Gainesville, Ocala",FL,
HALFTIME II,Tri-Eagle Sales,"Tallahassee, Gainesville, Ocala",FL,
21 T MAGNOLIA - ZODIAC SMOKE SHOP,Tri-Eagle Sales,"Tallahassee, Gainesville, Ocala",FL,
LA TIENDITA RESTAURANT LLC,Tri-Eagle Sales,"Tallahassee, Gainesville, Ocala",FL,
EARLEY S KITCHEN,Tri-Eagle Sales,"Tallahassee, Gainesville, Ocala",FL,
SEVENTH HILL TAP ROOM,Tri-Eagle Sales,"Tallahassee, Gainesville, Ocala",FL,
LOFTY PURSUITS,Tri-Eagle Sales,"Tallahassee, Gainesville, Ocala",FL,
WING STOP,Tri-Eagle Sales,"Tallahassee, Gainesville, Ocala",FL,
MA S DINER,Tri-Eagle Sales,"Tallahassee, Gainesville, Ocala",FL,
BUFFALO WILD WINGS,Tri-Eagle Sales,"Tallahassee, Gainesville, Ocala",FL,
GOODWOOD MUSEUM AND GARDENS,Tri-Eagle Sales,"Tallahassee, Gainesville, Ocala",FL,
CITY DOGS CAFE,Tri-Eagle Sales,"Tallahassee, Gainesville, Ocala",FL,
DEAR SUNDAY CAFE COMPANY,Tri-Eagle Sales,"Tallahassee, Gainesville, Ocala",FL,
TIDE CREEK COASTAL MARKET,Tri-Eagle Sales,"Tallahassee, Gainesville, Ocala",FL,
FATHOMS STEAM ROOM & RAW BAR,Tri-Eagle Sales,"Tallahassee, Gainesville, Ocala",FL,
MADISON LIQUOR-RADHE 9,Tri-Eagle Sales,"Tallahassee, Gainesville, Ocala",FL,
GOLDEN FALCON LIQUOR-QUINCY,Tri-Eagle Sales,"Tallahassee, Gainesville, Ocala",FL,
SHARK 28 ENTERPRISES,Tri-Eagle Sales,"Tallahassee, Gainesville, Ocala",FL,
THE BEACH PIT,Tri-Eagle Sales,"Tallahassee, Gainesville, Ocala",FL,
SAVOUR,Tri-Eagle Sales,"Tallahassee, Gainesville, Ocala",FL,
(B) AW BAR,Pepin,"Tampa, Riverview, Wesley Chapel, Lutz",FL,
SPANKYS PLACE INC,Pepin,"Tampa, Riverview, Wesley Chapel, Lutz",FL,
LEE GROCERY,Pepin,"Tampa, Riverview, Wesley Chapel, Lutz",FL,
FRESH MARKET - HNDRSN,Pepin,"Tampa, Riverview, Wesley Chapel, Lutz",FL,
(B) ROLLIN MULLET,Pepin,"Tampa, Riverview, Wesley Chapel, Lutz",FL,
ABC LIQUORS 107,Pepin,"Tampa, Riverview, Wesley Chapel, Lutz",FL,
CITY BEVERAGES - ORLANDO,Pepin,"Tampa, Riverview, Wesley Chapel, Lutz",FL,
ABC LIQUORS STORE  86,Pepin,"Tampa, Riverview, Wesley Chapel, Lutz",FL,
ABC LIQUORS 85,Pepin,"Tampa, Riverview, Wesley Chapel, Lutz",FL,
ABC LIQUORS 95,Pepin,"Tampa, Riverview, Wesley Chapel, Lutz",FL,
FRESH MARKET 36,Pepin,"Tampa, Riverview, Wesley Chapel, Lutz",FL,
(B) THE INDEPENDENT,Pepin,"Tampa, Riverview, Wesley Chapel, Lutz",FL,
(B) GASPARILLA PIZZER,Pepin,"Tampa, Riverview, Wesley Chapel, Lutz",FL,
(B) THE HEIGHTS SHUFFLE,Pepin,"Tampa, Riverview, Wesley Chapel, Lutz",FL,
(B) LOWRY PARK ZOO,Pepin,"Tampa, Riverview, Wesley Chapel, Lutz",FL,
(B) BOTTLESMITH,Pepin,"Tampa, Riverview, Wesley Chapel, Lutz",FL,
(B) THIRSTY BUFFALO BREW,Pepin,"Tampa, Riverview, Wesley Chapel, Lutz",FL,
(B) WORLD OF BEER,Pepin,"Tampa, Riverview, Wesley Chapel, Lutz",FL,
(B) JUG & BOTTLE DEPT,Pepin,"Tampa, Riverview, Wesley Chapel, Lutz",FL,
(B) 3 CORNERS PIZZA,Pepin,"Tampa, Riverview, Wesley Chapel, Lutz",FL,
(B) RENAISSANCE HOTEL,Pepin,"Tampa, Riverview, Wesley Chapel, Lutz",FL,
THE PINT AND BREW,Pepin,"Tampa, Riverview, Wesley Chapel, Lutz",FL,
(B) LOWRY PARCADE &TAVERN,Pepin,"Tampa, Riverview, Wesley Chapel, Lutz",FL,
(B) BILMAR STATION II,Pepin,"Tampa, Riverview, Wesley Chapel, Lutz",FL,
NEW SPECIAL EVENT FORM,Pepin,"Tampa, Riverview, Wesley Chapel, Lutz",FL,
(C)ROLLIN OATS MKT & CAFE,Pepin,"Tampa, Riverview, Wesley Chapel, Lutz",FL,
WORLD OF BEERS - TAMPA,Pepin,"Tampa, Riverview, Wesley Chapel, Lutz",FL,
KEEL & CURLEY WINERY,Pepin,"Tampa, Riverview, Wesley Chapel, Lutz",FL,
(B) HIGHLAND AXE THROWING,Pepin,"Tampa, Riverview, Wesley Chapel, Lutz",FL,
(B) BREWLANDS BAR & BILL,Pepin,"Tampa, Riverview, Wesley Chapel, Lutz",FL,
BENCHMARK INTL ARENA,Pepin,"Tampa, Riverview, Wesley Chapel, Lutz",FL,
JOSEPHINES ITALIAN MKT,Pepin,"Tampa, Riverview, Wesley Chapel, Lutz",FL,
(B) KING CORONA CIGAR,Pepin,"Tampa, Riverview, Wesley Chapel, Lutz",FL,
(B) CAPPY PIZZA,Pepin,"Tampa, Riverview, Wesley Chapel, Lutz",FL,
(B) WORLD OF BEERS,Pepin,"Tampa, Riverview, Wesley Chapel, Lutz",FL,
(B) ROOTS TAP ROOM & WINE,Pepin,"Tampa, Riverview, Wesley Chapel, Lutz",FL,
(B) CAPPY S PIZZERIA,Pepin,"Tampa, Riverview, Wesley Chapel, Lutz",FL,
(B) EDISON FOOD & DRINK,Pepin,"Tampa, Riverview, Wesley Chapel, Lutz",FL,
(B) CIGARS ON THE BLVD,Pepin,"Tampa, Riverview, Wesley Chapel, Lutz",FL,
T-TERRACE CRAFT BREW FEST,Pepin,"Tampa, Riverview, Wesley Chapel, Lutz",FL,
(B) BAD MONKEY YBOR LLC,Pepin,"Tampa, Riverview, Wesley Chapel, Lutz",FL,
LARA,Pepin,"Tampa, Riverview, Wesley Chapel, Lutz",FL,
HEIGHTS DRIVE THRU LLC,Pepin,"Tampa, Riverview, Wesley Chapel, Lutz",FL,
BLIND TIGER,Pepin,"Tampa, Riverview, Wesley Chapel, Lutz",FL,
(C)(B) THE WICKED POUR,Pepin,"Tampa, Riverview, Wesley Chapel, Lutz",FL,
HALES BLACKBRICK HYD,Pepin,"Tampa, Riverview, Wesley Chapel, Lutz",FL,
INTERNATIONAL BEER GA,Pepin,"Tampa, Riverview, Wesley Chapel, Lutz",FL,
(B) JAMES JOYCE IRISH PUB,Pepin,"Tampa, Riverview, Wesley Chapel, Lutz",FL,
(B) CIGAR CITY CIDER&MEAD,Pepin,"Tampa, Riverview, Wesley Chapel, Lutz",FL,
(B) BJS REST & BREWHOUSE,Pepin,"Tampa, Riverview, Wesley Chapel, Lutz",FL,
(C)(B) MELTING POT SOCIAL,Pepin,"Tampa, Riverview, Wesley Chapel, Lutz",FL,
(B) MR.DZ,Pepin,"Tampa, Riverview, Wesley Chapel, Lutz",FL,
DUCKWEED URBAN GROCERY,Pepin,"Tampa, Riverview, Wesley Chapel, Lutz",FL,
(B) APOLLO BEACH SOCIETY,Pepin,"Tampa, Riverview, Wesley Chapel, Lutz",FL,
(B) WORLD OF BEERS/BLEND,Pepin,"Tampa, Riverview, Wesley Chapel, Lutz",FL,
(C)KING OF THE COOP,Pepin,"Tampa, Riverview, Wesley Chapel, Lutz",FL,
(B) TAMPA BAY BREWING II,Pepin,"Tampa, Riverview, Wesley Chapel, Lutz",FL,
BAY AREA RENAISSANCE FESTIVAL,Pepin,"Tampa, Riverview, Wesley Chapel, Lutz",FL,
(C)(NS)(B) DUCKYS,Pepin,"Tampa, Riverview, Wesley Chapel, Lutz",FL,
CARROLLWOOD FINE WINE,Pepin,"Tampa, Riverview, Wesley Chapel, Lutz",FL,
CAPPY  S TAMPA,Pepin,"Tampa, Riverview, Wesley Chapel, Lutz",FL,
(B) WORLD OF BEER-BR,Pepin,"Tampa, Riverview, Wesley Chapel, Lutz",FL,
(B) YBOR CITY TAP HOUSE,Pepin,"Tampa, Riverview, Wesley Chapel, Lutz",FL,
(B) EMBASSY SUITES HILTON,Pepin,"Tampa, Riverview, Wesley Chapel, Lutz",FL,
GREAT BAY - ST. PETE,Pepin,"Tampa, Riverview, Wesley Chapel, Lutz",FL,
BARNS & BEER,Pepin,"Tampa, Riverview, Wesley Chapel, Lutz",FL,
KWIK STOP - WESTSHORE,Pepin,"Tampa, Riverview, Wesley Chapel, Lutz",FL,
WHOLE FOODS MARKET-NOR,Pepin,"Tampa, Riverview, Wesley Chapel, Lutz",FL,
(B) FORDS GARAGE,Pepin,"Tampa, Riverview, Wesley Chapel, Lutz",FL,
BARCELONA WINE BAR,Pepin,"Tampa, Riverview, Wesley Chapel, Lutz",FL,
(B) THE FALLS/PEABODY S,Pepin,"Tampa, Riverview, Wesley Chapel, Lutz",FL,
(B) TWO SHEPHERDS TAPROOM,Pepin,"Tampa, Riverview, Wesley Chapel, Lutz",FL,
(B) BIN + BOARD,Pepin,"Tampa, Riverview, Wesley Chapel, Lutz",FL,
BAMBOOZLE HEIGHTS,Pepin,"Tampa, Riverview, Wesley Chapel, Lutz",FL,
(NS)(B) DADE CITY LODGE,Pepin,"Tampa, Riverview, Wesley Chapel, Lutz",FL,
14K FOOD MART,Pepin,"Tampa, Riverview, Wesley Chapel, Lutz",FL,
(B) DI COFFEE BAR LLC,Pepin,"Tampa, Riverview, Wesley Chapel, Lutz",FL,
(C)(B) HEIGHTS MEAT MKT,Pepin,"Tampa, Riverview, Wesley Chapel, Lutz",FL,
(NS)SOUL DE CUBA CAFE,Pepin,"Tampa, Riverview, Wesley Chapel, Lutz",FL,
THE POUR HOUSE,Pepin,"Tampa, Riverview, Wesley Chapel, Lutz",FL,
(B) VELVET GYPSY,Pepin,"Tampa, Riverview, Wesley Chapel, Lutz",FL,
(B) BRASS TAP,Pepin,"Tampa, Riverview, Wesley Chapel, Lutz",FL,
(B) HOTWAX,Pepin,"Tampa, Riverview, Wesley Chapel, Lutz",FL,
(B) OAK & OLA,Pepin,"Tampa, Riverview, Wesley Chapel, Lutz",FL,
CHARANNS TAVERN,Pepin,"Tampa, Riverview, Wesley Chapel, Lutz",FL,
(B) BOBS BERRIES,Pepin,"Tampa, Riverview, Wesley Chapel, Lutz",FL,
(B) J. ALEXANDER S REST,Pepin,"Tampa, Riverview, Wesley Chapel, Lutz",FL,
(B) MELLOW MUSHROOM-BRAND,Pepin,"Tampa, Riverview, Wesley Chapel, Lutz",FL,
(B) COPPER SHAKER,Pepin,"Tampa, Riverview, Wesley Chapel, Lutz",FL,
(B) TAMPA YACHT & CC,Pepin,"Tampa, Riverview, Wesley Chapel, Lutz",FL,
(B) THE SOHO BACKYARD,Pepin,"Tampa, Riverview, Wesley Chapel, Lutz",FL,
MOTORWORKS BREWING TAPRM,Pepin,"Tampa, Riverview, Wesley Chapel, Lutz",FL,
CASA DE MONTECRISTO,Pepin,"Tampa, Riverview, Wesley Chapel, Lutz",FL,
(C)(B) THE C HOUSE,Pepin,"Tampa, Riverview, Wesley Chapel, Lutz",FL,
(B) THOMAS P S SPORTS BAR,Pepin,"Tampa, Riverview, Wesley Chapel, Lutz",FL,
BROTHER ITALIAN REST,Pepin,"Tampa, Riverview, Wesley Chapel, Lutz",FL,
(B) TAPPER PUB,Pepin,"Tampa, Riverview, Wesley Chapel, Lutz",FL,
WIREGRASS RANCH SPORTS COMPLEX,Pepin,"Tampa, Riverview, Wesley Chapel, Lutz",FL,
(B) HARRYS LIQUOR,Pepin,"Tampa, Riverview, Wesley Chapel, Lutz",FL,
ROBBY S LIQUOR III,Pepin,"Tampa, Riverview, Wesley Chapel, Lutz",FL,
BOTTLE RACK,Pepin,"Tampa, Riverview, Wesley Chapel, Lutz",FL,
(B) GRILL AND PROVISIONS,Pepin,"Tampa, Riverview, Wesley Chapel, Lutz",FL,
(B) YBOR CITY WINE BAR,Pepin,"Tampa, Riverview, Wesley Chapel, Lutz",FL,
(B) DUCKWEED URBAN MARKET,Pepin,"Tampa, Riverview, Wesley Chapel, Lutz",FL,
SO HO GOURMET MART,Pepin,"Tampa, Riverview, Wesley Chapel, Lutz",FL,
DUCK GAS,Pepin,"Tampa, Riverview, Wesley Chapel, Lutz",FL,
CHEESEOLOGY,Pepin,"Tampa, Riverview, Wesley Chapel, Lutz",FL,
(B) THE PANTRY,Pepin,"Tampa, Riverview, Wesley Chapel, Lutz",FL,
(B) MERMAID LOUNGE,Pepin,"Tampa, Riverview, Wesley Chapel, Lutz",FL,
TAMPA BAY RUM COMPANY,Pepin,"Tampa, Riverview, Wesley Chapel, Lutz",FL,
(B) BRASS TAP NDM,Pepin,"Tampa, Riverview, Wesley Chapel, Lutz",FL,
(B) WINTHROP LIQUORS,Pepin,"Tampa, Riverview, Wesley Chapel, Lutz",FL,
CHUCK E CHEESE S NDM,Pepin,"Tampa, Riverview, Wesley Chapel, Lutz",FL,
(B) STARKEY MARKET,Pepin,"Tampa, Riverview, Wesley Chapel, Lutz",FL,
(B) THE DIRTY SHAME,Pepin,"Tampa, Riverview, Wesley Chapel, Lutz",FL,
(B) FAT RABBIT PUB,Pepin,"Tampa, Riverview, Wesley Chapel, Lutz",FL,
(B) TALKING PINT,Pepin,"Tampa, Riverview, Wesley Chapel, Lutz",FL,
(B) FRIENDLY TARPON TAVER,Pepin,"Tampa, Riverview, Wesley Chapel, Lutz",FL,
(B) AL S FAMOUS PIZZA,Pepin,"Tampa, Riverview, Wesley Chapel, Lutz",FL,
(C)(B) BRICK S SMOKED MEATS,Pepin,"Tampa, Riverview, Wesley Chapel, Lutz",FL,
(C)(B) FOUNDATION COFFEE,Pepin,"Tampa, Riverview, Wesley Chapel, Lutz",FL,
THE RESERVOIR BAR,Pepin,"Tampa, Riverview, Wesley Chapel, Lutz",FL,
(B) COUNTER CULTURE,Pepin,"Tampa, Riverview, Wesley Chapel, Lutz",FL,
(B) HIDDEN SPRINGS ALE,Pepin,"Tampa, Riverview, Wesley Chapel, Lutz",FL,
SANTELLI PIZZA & PASTA,Pepin,"Tampa, Riverview, Wesley Chapel, Lutz",FL,
(B) CAPPY S PIZZA,Pepin,"Tampa, Riverview, Wesley Chapel, Lutz",FL,
(B) BEEF O BRADY S,Pepin,"Tampa, Riverview, Wesley Chapel, Lutz",FL,
ASH & ALTER EGO,Pepin,"Tampa, Riverview, Wesley Chapel, Lutz",FL,
COMMANDOUGHS,Pepin,"Tampa, Riverview, Wesley Chapel, Lutz",FL,
(B) SALLY O NEALS PIZZA,Pepin,"Tampa, Riverview, Wesley Chapel, Lutz",FL,
(B) WILLA S,Pepin,"Tampa, Riverview, Wesley Chapel, Lutz",FL,
(B) EPICUREAN HOTEL,Pepin,"Tampa, Riverview, Wesley Chapel, Lutz",FL,
THE PRESS BOX,Pepin,"Tampa, Riverview, Wesley Chapel, Lutz",FL,
(B) PALMA CEIA GOLF & CC,Pepin,"Tampa, Riverview, Wesley Chapel, Lutz",FL,
(B) SACRED PEPPER,Pepin,"Tampa, Riverview, Wesley Chapel, Lutz",FL,
BROWNWOOD CITY FIRE,Tri-Eagle Sales,"Tallahassee, Gainesville, Ocala",FL,
GATORS DOCKSIDE NEWBERRY,Tri-Eagle Sales,"Tallahassee, Gainesville, Ocala",FL,
GATORS DOCKSIDE,Tri-Eagle Sales,"Tallahassee, Gainesville, Ocala",FL,
GATOR S DOCKSIDE,Tri-Eagle Sales,"Tallahassee, Gainesville, Ocala",FL,
HORSE AND HOUND,Tri-Eagle Sales,"Tallahassee, Gainesville, Ocala",FL,
BIG HAMMOCK BREWERY & BITES,Tri-Eagle Sales,"Tallahassee, Gainesville, Ocala",FL,
MELLOW MUSHROOM,Tri-Eagle Sales,"Tallahassee, Gainesville, Ocala",FL,
JUNIPER GENERAL STORE,Tri-Eagle Sales,"Tallahassee, Gainesville, Ocala",FL,
TIPPLE S BREWS OF GAINESV,Tri-Eagle Sales,"Tallahassee, Gainesville, Ocala",FL,
STONEWATER CLUB,Tri-Eagle Sales,"Tallahassee, Gainesville, Ocala",FL,
EARTH FARE #562,Tri-Eagle Sales,"Tallahassee, Gainesville, Ocala",FL,
ABC LIQUORS #112,Tri-Eagle Sales,"Tallahassee, Gainesville, Ocala",FL,
PUB THE,Tri-Eagle Sales,"Tallahassee, Gainesville, Ocala",FL,
BLUEGILLS QUALITY FOODS,Tri-Eagle Sales,"Tallahassee, Gainesville, Ocala",FL,
CREEKS 19TH,Tri-Eagle Sales,"Tallahassee, Gainesville, Ocala",FL,
CAPRICIOUS,Tri-Eagle Sales,"Tallahassee, Gainesville, Ocala",FL,
PROVISIONS  GROCERIES & ESSENTIALS-,Tri-Eagle Sales,"Tallahassee, Gainesville, Ocala",FL,
THE DEPOT STATION,Tri-Eagle Sales,"Tallahassee, Gainesville, Ocala",FL,
CHIEFLAND BILLIARDS,Tri-Eagle Sales,"Tallahassee, Gainesville, Ocala",FL,
FLYING BOAT TAP ROOM,Tri-Eagle Sales,"Tallahassee, Gainesville, Ocala",FL,
CRAFTY BASTARDS BOTTLE SH,Tri-Eagle Sales,"Tallahassee, Gainesville, Ocala",FL,
PUBLIX #680,Tri-Eagle Sales,"Tallahassee, Gainesville, Ocala",FL,
THE TIPSY SKIPPER,Tri-Eagle Sales,"Tallahassee, Gainesville, Ocala",FL,
WORLD OF BEER,Tri-Eagle Sales,"Tallahassee, Gainesville, Ocala",FL,
MI FAMILIA MEXICANA,Tri-Eagle Sales,"Tallahassee, Gainesville, Ocala",FL,
OLD MILL PLAYHOUSE,Tri-Eagle Sales,"Tallahassee, Gainesville, Ocala",FL,
ESCAPOLOGY,Tri-Eagle Sales,"Tallahassee, Gainesville, Ocala",FL,
THE BOURBON BARN,Tri-Eagle Sales,"Tallahassee, Gainesville, Ocala",FL,
THE TOP RESTAURANT,Tri-Eagle Sales,"Tallahassee, Gainesville, Ocala",FL,
THE GOOD POUR GAINESVILLE,Tri-Eagle Sales,"Tallahassee, Gainesville, Ocala",FL,
MILDRED S BIG CITY FOOD,Tri-Eagle Sales,"Tallahassee, Gainesville, Ocala",FL,
SAWGRASS TAVERN,Tri-Eagle Sales,"Tallahassee, Gainesville, Ocala",FL,
THE CLUB AT OCALA PRESERVE (TRILOGY,Tri-Eagle Sales,"Tallahassee, Gainesville, Ocala",FL,
BLACKWATER GRILL,Tri-Eagle Sales,"Tallahassee, Gainesville, Ocala",FL,
EDNA S ON THE GREEN,Tri-Eagle Sales,"Tallahassee, Gainesville, Ocala",FL,
BJ S BREWHOUSE,Tri-Eagle Sales,"Tallahassee, Gainesville, Ocala",FL,
PIESANOS #3,Tri-Eagle Sales,"Tallahassee, Gainesville, Ocala",FL,
CRAZY CUCUMBER MARKET STREET,Tri-Eagle Sales,"Tallahassee, Gainesville, Ocala",FL,
BOCA FIESTA/THE PALOMINO,Tri-Eagle Sales,"Tallahassee, Gainesville, Ocala",FL,
SUPERETTE WINE,Tri-Eagle Sales,"Tallahassee, Gainesville, Ocala",FL,
MACDINTONS IRISH PUB GVL,Tri-Eagle Sales,"Tallahassee, Gainesville, Ocala",FL,
TAPHOUSE SOCIAL,Tri-Eagle Sales,"Tallahassee, Gainesville, Ocala",FL,
LOOSEYS,Tri-Eagle Sales,"Tallahassee, Gainesville, Ocala",FL,
SATCHEL S PIZZA,Tri-Eagle Sales,"Tallahassee, Gainesville, Ocala",FL,
MIDICI-THE NEAPOLITAN,Tri-Eagle Sales,"Tallahassee, Gainesville, Ocala",FL,
THE LODGE OCALA PUB & EATERY,Tri-Eagle Sales,"Tallahassee, Gainesville, Ocala",FL,
DRIFTWOOD BAR AND GRILL,Tri-Eagle Sales,"Tallahassee, Gainesville, Ocala",FL,
BROOKLYN PIZZERIA & RESTAURANT,Tri-Eagle Sales,"Tallahassee, Gainesville, Ocala",FL,
DOWNTOWN BILLIARDS,Tri-Eagle Sales,"Tallahassee, Gainesville, Ocala",FL,
NEWBERRY LIQUOR,Tri-Eagle Sales,"Tallahassee, Gainesville, Ocala",FL,
MAGUIRES SPORTS BAR,Tri-Eagle Sales,"Tallahassee, Gainesville, Ocala",FL,
CHAMPIONS RUN RV RESORT,Tri-Eagle Sales,"Tallahassee, Gainesville, Ocala",FL,
THE BULL,Tri-Eagle Sales,"Tallahassee, Gainesville, Ocala",FL,
BLUE HIGHWAY AT TIOGA,Tri-Eagle Sales,"Tallahassee, Gainesville, Ocala",FL,
DARRELL S DINER #22,Tri-Eagle Sales,"Tallahassee, Gainesville, Ocala",FL,
THE PRESERVE GOLF CLUB (DUNNELLON),Tri-Eagle Sales,"Tallahassee, Gainesville, Ocala",FL,
THE BLACK SHEEP ON BROADWAY,Tri-Eagle Sales,"Tallahassee, Gainesville, Ocala",FL,
SPEEDY FOODS,Tri-Eagle Sales,"Tallahassee, Gainesville, Ocala",FL,
SPROUTS #650,Tri-Eagle Sales,"Tallahassee, Gainesville, Ocala",FL,
DRY WROUGHT TAPROOM,Tri-Eagle Sales,"Tallahassee, Gainesville, Ocala",FL,
THE IVY HOUSE OF OCALA,Tri-Eagle Sales,"Tallahassee, Gainesville, Ocala",FL,
18 SOUTH,Tri-Eagle Sales,"Tallahassee, Gainesville, Ocala",FL,
WARDS SUPERMARKET INC,Tri-Eagle Sales,"Tallahassee, Gainesville, Ocala",FL,
SYMMETRY COFFEE CO.,Tri-Eagle Sales,"Tallahassee, Gainesville, Ocala",FL,
BLUE HIGHWAY-A PIZZERIA,Tri-Eagle Sales,"Tallahassee, Gainesville, Ocala",FL,
METRO FOOD MART,Tri-Eagle Sales,"Tallahassee, Gainesville, Ocala",FL,
BLACKADDER BREWING CO,Tri-Eagle Sales,"Tallahassee, Gainesville, Ocala",FL,
GREEN GAITS LLC,Tri-Eagle Sales,"Tallahassee, Gainesville, Ocala",FL,
ARCADE PLEX,Tri-Eagle Sales,"Tallahassee, Gainesville, Ocala",FL,
V PIZZA,Tri-Eagle Sales,"Tallahassee, Gainesville, Ocala",FL,
PIESANOS STONE FIRED PIZZA,Tri-Eagle Sales,"Tallahassee, Gainesville, Ocala",FL,
THE ALIBI,Tri-Eagle Sales,"Tallahassee, Gainesville, Ocala",FL,
CASTAWAYS BAR & GRILL,Tri-Eagle Sales,"Tallahassee, Gainesville, Ocala",FL,
WEST END TAVERN,Tri-Eagle Sales,"Tallahassee, Gainesville, Ocala",FL,
PERI PERI CHICKEN GRILL,Tri-Eagle Sales,"Tallahassee, Gainesville, Ocala",FL,
TOP HOG OAKS MALL,Tri-Eagle Sales,"Tallahassee, Gainesville, Ocala",FL,
SPECIAL EVENT OCALA,Tri-Eagle Sales,"Tallahassee, Gainesville, Ocala",FL,
FRAT ORDER/EAGLES #4251,Tri-Eagle Sales,"Tallahassee, Gainesville, Ocala",FL,
STELLAS THE MODERN PANTRY,Tri-Eagle Sales,"Tallahassee, Gainesville, Ocala",FL,
EATONS BEACH SANDBAR & GRILL,Tri-Eagle Sales,"Tallahassee, Gainesville, Ocala",FL,
THAT BAR AND TABLE,Tri-Eagle Sales,"Tallahassee, Gainesville, Ocala",FL,
ISLAND GROVE WINE COMPANY,Tri-Eagle Sales,"Tallahassee, Gainesville, Ocala",FL,
WILDWOOD VINEYARD & EVENTS,Tri-Eagle Sales,"Tallahassee, Gainesville, Ocala",FL,
MA N PA EXPRESS,Tri-Eagle Sales,"Tallahassee, Gainesville, Ocala",FL,
GATOR BEVERAGE INC,Tri-Eagle Sales,"Tallahassee, Gainesville, Ocala",FL,
V UNIQUE LIQUORS_2,Tri-Eagle Sales,"Tallahassee, Gainesville, Ocala",FL,
SANDY S SHACK,Tri-Eagle Sales,"Tallahassee, Gainesville, Ocala",FL,
DORNS WEST LIQUORS & WINE,Tri-Eagle Sales,"Tallahassee, Gainesville, Ocala",FL,
FAIRFIELD INN AND SUITES,Tri-Eagle Sales,"Tallahassee, Gainesville, Ocala",FL,
THE CLUB AT IRON LAKE,Tri-Eagle Sales,"Tallahassee, Gainesville, Ocala",FL,
PINK FLAMINGO,Tri-Eagle Sales,"Tallahassee, Gainesville, Ocala",FL,
DRAGON FLOWER WINERY,Tri-Eagle Sales,"Tallahassee, Gainesville, Ocala",FL,
SYCAMORE LANE VINTAGE,Tri-Eagle Sales,"Tallahassee, Gainesville, Ocala",FL,
CATFISH JOHNNY S,Tri-Eagle Sales,"Tallahassee, Gainesville, Ocala",FL,
AMY S PLACE,Tri-Eagle Sales,"Tallahassee, Gainesville, Ocala",FL,
BAY LAKE COMPLEX (DISNEY),City Bev,Orlando,FL,
PROFESSIONAL CONCESSIONS,City Bev,Orlando,FL,
A LA CART,City Bev,Orlando,FL,
SANDWICH BAR,City Bev,Orlando,FL,
BRONSON LIQUORS II,City Bev,Orlando,FL,
THE COMMISSION,City Bev,Orlando,FL,
BLAZE FAST FIRED PIZZA ST,City Bev,Orlando,FL,
A LA CART LLC,City Bev,Orlando,FL,
A LA CART-DOWNTOWN,City Bev,Orlando,FL,
DIGRESS WINE,City Bev,Orlando,FL,
STP PALACE (THE),City Bev,Orlando,FL,
BJ S RESTAURANT OSCEOLA,City Bev,Orlando,FL,
THE GOOD POUR WINTER PARK,City Bev,Orlando,FL,
SUD S SALOON,City Bev,Orlando,FL,
ROQUE PUB,City Bev,Orlando,FL,
REGENCY WINE & LIQ CLOSED,City Bev,Orlando,FL,
ABC LIQUORS #52,City Bev,Orlando,FL,
BACK 40 WINE CO,City Bev,Orlando,FL,
THIRSTY TOPHER-CLOSED,City Bev,Orlando,FL,
VENTURA COUNTRY CLUB COMM,City Bev,Orlando,FL,
BEER SPA,City Bev,Orlando,FL,
FREEHAND GOODS,City Bev,Orlando,FL,
THE GOOD POUR,City Bev,Orlando,FL,
THE BUREAU ADVENTURE GAME,City Bev,Orlando,FL,
POUR CHOICE,City Bev,Orlando,FL,
SUDS BOTTLESHOP AND SALOO,City Bev,Orlando,FL,
LAKE SIDE RECEPTION HALL,City Bev,Orlando,FL,
THE BAO SPOT,City Bev,Orlando,FL,
BRONSON LIQUORS,City Bev,Orlando,FL,
PADDYWAGON IRISH PUB,City Bev,Orlando,FL,
ZYMARIUM MEADERY LLC,City Bev,Orlando,FL,
FORD S GARAGE,City Bev,Orlando,FL,
DELI DOWNTOWN (THE),City Bev,Orlando,FL,
ST CLOUD LEVEE LIQ. & GAS,City Bev,Orlando,FL,
STUBBORN MULE (THE),City Bev,Orlando,FL,
TIN & TACO,City Bev,Orlando,FL,
BARRELS AND BOARDS,City Bev,Orlando,FL,
POSTO PIZZA,City Bev,Orlando,FL,
MOONCRICKET GRILLE,City Bev,Orlando,FL,
TACTICAL BREWING COMPANY,City Bev,Orlando,FL,
ROSEN SHINGLE CREEK RESOR,City Bev,Orlando,FL,
CRUSH YARD,City Bev,Orlando,FL,
MISSION BBQ,City Bev,Orlando,FL,
LAZY MOON UCF,City Bev,Orlando,FL,
HIDEAWAY (THE),City Bev,Orlando,FL,
EOLA WINE COMPANY,City Bev,Orlando,FL,
MDP PRODUCE,City Bev,Orlando,FL,
MAXINES ON SHINE,City Bev,Orlando,FL,
NORAS SUGAR SHACK,City Bev,Orlando,FL,
PIG FLOYDS URBAN BABAKOA,City Bev,Orlando,FL,
SPORTSTOWN ORLANDO-CLOSED,City Bev,Orlando,FL,
SEABRA FOODS XIC INC,City Bev,Orlando,FL,
SHAMROCK BEVERAGE,City Bev,Orlando,FL,
RIGHTWAY CITGO,City Bev,Orlando,FL,
ROYAL PACIFIC RESORT,City Bev,Orlando,FL,
PARTIN LIQUORS,City Bev,Orlando,FL,
A PLUS LIQUORS,City Bev,Orlando,FL,
NATIONAL SUPERMARKET,City Bev,Orlando,FL,
CITGO/KRAVE STATION,City Bev,Orlando,FL,
HOLIDAY INN ORLANDO INTER,City Bev,Orlando,FL,
CASEY S ON CENTRAL,City Bev,Orlando,FL,
PUB ORLANDO (THE),City Bev,Orlando,FL,
KNIGHTLY SPIRITS @ WINDER,City Bev,Orlando,FL,
MURPHY S PUB,City Bev,Orlando,FL,
LAKE MINNEOLA INN,City Bev,Orlando,FL,
ROCK & BREWS (KISSIMMEE),City Bev,Orlando,FL,
GRAVITY TAPROOM,City Bev,Orlando,FL,
RUSTEAK REST. & WINE BAR,City Bev,Orlando,FL,
CELEBRATION BREWING CO,City Bev,Orlando,FL,
ARTISAN PARK SERVICE AREA,City Bev,Orlando,FL,
CANOE CREEK SPORTS TAVERN,City Bev,Orlando,FL,
MAGNOLIA HOUSE,City Bev,Orlando,FL,
BREEZE,City Bev,Orlando,FL,
ZIGGIE S PIZZA,City Bev,Orlando,FL,
THE BACKYARD,City Bev,Orlando,FL,
BACKSTAGE BILLIARD I-DRIV,City Bev,Orlando,FL,
HARBOUR LAKE,City Bev,Orlando,FL,
CHARCUTERIE AND CHILL,City Bev,Orlando,FL,
EOLA GENERAL,City Bev,Orlando,FL,
WILLS PUB,City Bev,Orlando,FL,
D SPACE,City Bev,Orlando,FL,
MJM FOOD STORE,City Bev,Orlando,FL,
ABC LIQUORS #149,City Bev,Orlando,FL,
PLAYER 1,City Bev,Orlando,FL,
MOORSHIRE MARATHON,City Bev,Orlando,FL,
BLACK BEAR KITCHEN-CLOSED,City Bev,Orlando,FL,
CORELLI S PANTRY,City Bev,Orlando,FL,
SUNOCO PLANT ST,City Bev,Orlando,FL,
FOOD MART GOLDENROD,City Bev,Orlando,FL,
LOADING...GASTROBRUNCH,City Bev,Orlando,FL,
BACKSTAGE BILLIARD LBV,City Bev,Orlando,FL,
HEN AND HOG,City Bev,Orlando,FL,
SIMPLY CHEESE,City Bev,Orlando,FL,
BADFINS BREW & FOOD,Progressive Distributing,"St. Petersburg, Clearwater, Dunedin, Tarpon Springs, New Port Richey",FL,
ENGINE NO 9,Progressive Distributing,"St. Petersburg, Clearwater, Dunedin, Tarpon Springs, New Port Richey",FL,
LUCKY LIZARD TAP HOUSE,Progressive Distributing,"St. Petersburg, Clearwater, Dunedin, Tarpon Springs, New Port Richey",FL,
OLD NORTHEAST RALLY,Progressive Distributing,"St. Petersburg, Clearwater, Dunedin, Tarpon Springs, New Port Richey",FL,
CHAREL UPTOWN,Progressive Distributing,"St. Petersburg, Clearwater, Dunedin, Tarpon Springs, New Port Richey",FL,
WHEELHOUSE-ST PETE (THE),Progressive Distributing,"St. Petersburg, Clearwater, Dunedin, Tarpon Springs, New Port Richey",FL,
BAR FLY-SALTWATER GRILL,Progressive Distributing,"St. Petersburg, Clearwater, Dunedin, Tarpon Springs, New Port Richey",FL,
STOP N GO BRYAN DAIRY,Progressive Distributing,"St. Petersburg, Clearwater, Dunedin, Tarpon Springs, New Port Richey",FL,
PISTIL HOUSE,Progressive Distributing,"St. Petersburg, Clearwater, Dunedin, Tarpon Springs, New Port Richey",FL,
GOLDEN ISLES BREWING,Progressive Distributing,"St. Petersburg, Clearwater, Dunedin, Tarpon Springs, New Port Richey",FL,
SAMS SUNOCO,Progressive Distributing,"St. Petersburg, Clearwater, Dunedin, Tarpon Springs, New Port Richey",FL,
WELTON BREWING COMPANY,Progressive Distributing,"St. Petersburg, Clearwater, Dunedin, Tarpon Springs, New Port Richey",FL,
MOXY ST PETE,Progressive Distributing,"St. Petersburg, Clearwater, Dunedin, Tarpon Springs, New Port Richey",FL,
THE PELICAN,Progressive Distributing,"St. Petersburg, Clearwater, Dunedin, Tarpon Springs, New Port Richey",FL,
AMERICAN SPIRITS,Progressive Distributing,"St. Petersburg, Clearwater, Dunedin, Tarpon Springs, New Port Richey",FL,
DUNEDIN SMOKEHOUSE (THE),Progressive Distributing,"St. Petersburg, Clearwater, Dunedin, Tarpon Springs, New Port Richey",FL,
BEERBUSTERS,Progressive Distributing,"St. Petersburg, Clearwater, Dunedin, Tarpon Springs, New Port Richey",FL,
PASADENA YACHT AND CC,Progressive Distributing,"St. Petersburg, Clearwater, Dunedin, Tarpon Springs, New Port Richey",FL,
MELLOW MUSHROOM PIZZA,Progressive Distributing,"St. Petersburg, Clearwater, Dunedin, Tarpon Springs, New Port Richey",FL,
ABC LIQUORS #049,Progressive Distributing,"St. Petersburg, Clearwater, Dunedin, Tarpon Springs, New Port Richey",FL,
TRUCK & LADDER BREWING(C),Progressive Distributing,"St. Petersburg, Clearwater, Dunedin, Tarpon Springs, New Port Richey",FL,
CLEARSKY DRAUGHT HAUS,Progressive Distributing,"St. Petersburg, Clearwater, Dunedin, Tarpon Springs, New Port Richey",FL,
BJ S REST/BREWHSE #521,Progressive Distributing,"St. Petersburg, Clearwater, Dunedin, Tarpon Springs, New Port Richey",FL,
CALEDONIA BREWING,Progressive Distributing,"St. Petersburg, Clearwater, Dunedin, Tarpon Springs, New Port Richey",FL,
NEIGHBORHOOD BARK & BOUTI,Progressive Distributing,"St. Petersburg, Clearwater, Dunedin, Tarpon Springs, New Port Richey",FL,
SALTY SOUL ISLAND KITCHEN,Progressive Distributing,"St. Petersburg, Clearwater, Dunedin, Tarpon Springs, New Port Richey",FL,
TROUBLED WATERS BREWING,Progressive Distributing,"St. Petersburg, Clearwater, Dunedin, Tarpon Springs, New Port Richey",FL,
BREWLANDS BAR & BILLIARDS,Progressive Distributing,"St. Petersburg, Clearwater, Dunedin, Tarpon Springs, New Port Richey",FL,
BRUTIQUE,Progressive Distributing,"St. Petersburg, Clearwater, Dunedin, Tarpon Springs, New Port Richey",FL,
GOOD INTENTIONS,Progressive Distributing,"St. Petersburg, Clearwater, Dunedin, Tarpon Springs, New Port Richey",FL,
LITTLE LAMB GASTROPUB,Progressive Distributing,"St. Petersburg, Clearwater, Dunedin, Tarpon Springs, New Port Richey",FL,
PENINSULA BED & COCKTAILS,Progressive Distributing,"St. Petersburg, Clearwater, Dunedin, Tarpon Springs, New Port Richey",FL,
JENSEN BROS SEAFOOD,Progressive Distributing,"St. Petersburg, Clearwater, Dunedin, Tarpon Springs, New Port Richey",FL,
CONCH REPUBLIC GRILL/RAW,Progressive Distributing,"St. Petersburg, Clearwater, Dunedin, Tarpon Springs, New Port Richey",FL,
OSTERIA POLLANI,Progressive Distributing,"St. Petersburg, Clearwater, Dunedin, Tarpon Springs, New Port Richey",FL,
CATEGORY 36 TAPHOUSE(C),Progressive Distributing,"St. Petersburg, Clearwater, Dunedin, Tarpon Springs, New Port Richey",FL,
TAPHOUSE 61,Progressive Distributing,"St. Petersburg, Clearwater, Dunedin, Tarpon Springs, New Port Richey",FL,
BAR 23FIFTY,Progressive Distributing,"St. Petersburg, Clearwater, Dunedin, Tarpon Springs, New Port Richey",FL,
CONCRETE JUNGLE,Progressive Distributing,"St. Petersburg, Clearwater, Dunedin, Tarpon Springs, New Port Richey",FL,
1/2 WAY TO TB BEER WEEK,Progressive Distributing,"St. Petersburg, Clearwater, Dunedin, Tarpon Springs, New Port Richey",FL,
FRESH MARKET INC STP,Progressive Distributing,"St. Petersburg, Clearwater, Dunedin, Tarpon Springs, New Port Richey",FL,
ROSIES TAVERN,Progressive Distributing,"St. Petersburg, Clearwater, Dunedin, Tarpon Springs, New Port Richey",FL,
TROPICANA GRILL,Progressive Distributing,"St. Petersburg, Clearwater, Dunedin, Tarpon Springs, New Port Richey",FL,
OAK & STONE,Progressive Distributing,"St. Petersburg, Clearwater, Dunedin, Tarpon Springs, New Port Richey",FL,
BUYA(C),Progressive Distributing,"St. Petersburg, Clearwater, Dunedin, Tarpon Springs, New Port Richey",FL,
SONDER SOCIAL CLUB,Progressive Distributing,"St. Petersburg, Clearwater, Dunedin, Tarpon Springs, New Port Richey",FL,
HONU RESTAURANT (THE),Progressive Distributing,"St. Petersburg, Clearwater, Dunedin, Tarpon Springs, New Port Richey",FL,
URBAN BREW & BBQ(C),Progressive Distributing,"St. Petersburg, Clearwater, Dunedin, Tarpon Springs, New Port Richey",FL,
RIGHT AROUND THE CORNER,Progressive Distributing,"St. Petersburg, Clearwater, Dunedin, Tarpon Springs, New Port Richey",FL,
SCREAMING JALAPENO (THE),Progressive Distributing,"St. Petersburg, Clearwater, Dunedin, Tarpon Springs, New Port Richey",FL,
BELLEAIR MARKET,Progressive Distributing,"St. Petersburg, Clearwater, Dunedin, Tarpon Springs, New Port Richey",FL,
BEER WORLD OF LARGO,Progressive Distributing,"St. Petersburg, Clearwater, Dunedin, Tarpon Springs, New Port Richey",FL,
TIERRA VERDE RESIDNCE INN,Progressive Distributing,"St. Petersburg, Clearwater, Dunedin, Tarpon Springs, New Port Richey",FL,
THE VORTEX,Progressive Distributing,"St. Petersburg, Clearwater, Dunedin, Tarpon Springs, New Port Richey",FL,
KITCHEN & BAR AT GRN SPRG,Progressive Distributing,"St. Petersburg, Clearwater, Dunedin, Tarpon Springs, New Port Richey",FL,
NOLANS PUB,Progressive Distributing,"St. Petersburg, Clearwater, Dunedin, Tarpon Springs, New Port Richey",FL,
ALE & (THE)WITCH (THE),Progressive Distributing,"St. Petersburg, Clearwater, Dunedin, Tarpon Springs, New Port Richey",FL,
TONY & NELLOS,Progressive Distributing,"St. Petersburg, Clearwater, Dunedin, Tarpon Springs, New Port Richey",FL,
1933 PUB AND GRILL(C),Progressive Distributing,"St. Petersburg, Clearwater, Dunedin, Tarpon Springs, New Port Richey",FL,
NAUTICAL BREWS PIZZA,Progressive Distributing,"St. Petersburg, Clearwater, Dunedin, Tarpon Springs, New Port Richey",FL,
HYATT PLACE ST PETE,Progressive Distributing,"St. Petersburg, Clearwater, Dunedin, Tarpon Springs, New Port Richey",FL,
PAR BAR,Progressive Distributing,"St. Petersburg, Clearwater, Dunedin, Tarpon Springs, New Port Richey",FL,
PIZZA SHACK RESTAURANT,Progressive Distributing,"St. Petersburg, Clearwater, Dunedin, Tarpon Springs, New Port Richey",FL,
SHAKER & PEEL,Progressive Distributing,"St. Petersburg, Clearwater, Dunedin, Tarpon Springs, New Port Richey",FL,
THE BRINEHOUSE,Progressive Distributing,"St. Petersburg, Clearwater, Dunedin, Tarpon Springs, New Port Richey",FL,
PAJANO S PIZZA & TAPHOUS,Progressive Distributing,"St. Petersburg, Clearwater, Dunedin, Tarpon Springs, New Port Richey",FL,
DOG BAR  THE,Progressive Distributing,"St. Petersburg, Clearwater, Dunedin, Tarpon Springs, New Port Richey",FL,
ISLANDER MARKET,Progressive Distributing,"St. Petersburg, Clearwater, Dunedin, Tarpon Springs, New Port Richey",FL,
HOLIDAY INN EXPRESS & SUI,Progressive Distributing,"St. Petersburg, Clearwater, Dunedin, Tarpon Springs, New Port Richey",FL,
BANANAS RECORDS,Progressive Distributing,"St. Petersburg, Clearwater, Dunedin, Tarpon Springs, New Port Richey",FL,
OYSTER SHUCKER CRFT & DFT,Progressive Distributing,"St. Petersburg, Clearwater, Dunedin, Tarpon Springs, New Port Richey",FL,
STUDIO PUBLIC HOUSE (THE),Progressive Distributing,"St. Petersburg, Clearwater, Dunedin, Tarpon Springs, New Port Richey",FL,
FRENCHYS STONE CRAB SEAFO,Progressive Distributing,"St. Petersburg, Clearwater, Dunedin, Tarpon Springs, New Port Richey",FL,
COLONY GRILL,Progressive Distributing,"St. Petersburg, Clearwater, Dunedin, Tarpon Springs, New Port Richey",FL,
CRAFT KAFE METRO(C),Progressive Distributing,"St. Petersburg, Clearwater, Dunedin, Tarpon Springs, New Port Richey",FL,
THE SHRIMP SHACK,Lewis Bear,"Pensacola, Destin, Panama City, Fort Walton Beach",FL,
THE EDGE SEAFOOD RESTAURANT,Lewis Bear,"Pensacola, Destin, Panama City, Fort Walton Beach",FL,
KWIKER LIQUOR #3,Lewis Bear,"Pensacola, Destin, Panama City, Fort Walton Beach",FL,
SCALLOP COVE,Lewis Bear,"Pensacola, Destin, Panama City, Fort Walton Beach",FL,
HAMMOCK BAY GENERAL STORE 20,Lewis Bear,"Pensacola, Destin, Panama City, Fort Walton Beach",FL,
CURVE PACKAGE & LOUNGE THE,Lewis Bear,"Pensacola, Destin, Panama City, Fort Walton Beach",FL,
ST JOE SHRIMP,Lewis Bear,"Pensacola, Destin, Panama City, Fort Walton Beach",FL,
1901 ON MAIN LLC,Lewis Bear,"Pensacola, Destin, Panama City, Fort Walton Beach",FL,
POINT BREAK ARCADE,Lewis Bear,"Pensacola, Destin, Panama City, Fort Walton Beach",FL,
MCDANIEL S GROCERY,Lewis Bear,"Pensacola, Destin, Panama City, Fort Walton Beach",FL,
SCALLOP REPUBLIC LLC,Lewis Bear,"Pensacola, Destin, Panama City, Fort Walton Beach",FL,
APALACHICOLA YACHT CLUB,Lewis Bear,"Pensacola, Destin, Panama City, Fort Walton Beach",FL,
DONOVAN S 4,Lewis Bear,"Pensacola, Destin, Panama City, Fort Walton Beach",FL,
MEXICO BEACH WINE & SPIRITS,Lewis Bear,"Pensacola, Destin, Panama City, Fort Walton Beach",FL,
DONOVAN S 1,Lewis Bear,"Pensacola, Destin, Panama City, Fort Walton Beach",FL,
THE BAY,Lewis Bear,"Pensacola, Destin, Panama City, Fort Walton Beach",FL,
HURRICANE OYSTER BAR & GRILL,Lewis Bear,"Pensacola, Destin, Panama City, Fort Walton Beach",FL,
KWIKER LIQUOR,Lewis Bear,"Pensacola, Destin, Panama City, Fort Walton Beach",FL,
THE MILL,Lewis Bear,"Pensacola, Destin, Panama City, Fort Walton Beach",FL,
CHIPOLA LIQUORS & MORE INC,Lewis Bear,"Pensacola, Destin, Panama City, Fort Walton Beach",FL,
WINE WORLD GRAND BLVD,Lewis Bear,"Pensacola, Destin, Panama City, Fort Walton Beach",FL,
SUNSTOP #798,Lewis Bear,"Pensacola, Destin, Panama City, Fort Walton Beach",FL,
SUNSTOP #730,Lewis Bear,"Pensacola, Destin, Panama City, Fort Walton Beach",FL,
SUNSHINE FOOD MART_2,Lewis Bear,"Pensacola, Destin, Panama City, Fort Walton Beach",FL,
CHAN S WINE WORLD OF FLORIDA,Lewis Bear,"Pensacola, Destin, Panama City, Fort Walton Beach",FL,
THE GULF CLUB,Lewis Bear,"Pensacola, Destin, Panama City, Fort Walton Beach",FL,
IDYLL HOUND PROPER,Lewis Bear,"Pensacola, Destin, Panama City, Fort Walton Beach",FL,
GROWLER GARAGE,Lewis Bear,"Pensacola, Destin, Panama City, Fort Walton Beach",FL,
SANDBAR SEAFOOD HOUSE & DELI,Lewis Bear,"Pensacola, Destin, Panama City, Fort Walton Beach",FL,
CHIPLEY STATION,Lewis Bear,"Pensacola, Destin, Panama City, Fort Walton Beach",FL,
PEDDLER S PUB,Lewis Bear,"Pensacola, Destin, Panama City, Fort Walton Beach",FL,
ST. JOE BAR & PACKAGE,Lewis Bear,"Pensacola, Destin, Panama City, Fort Walton Beach",FL,
THE MILL MERCANTILE & SOCIAL,Lewis Bear,"Pensacola, Destin, Panama City, Fort Walton Beach",FL,
ABC LIQUORS #218,Lewis Bear,"Pensacola, Destin, Panama City, Fort Walton Beach",FL,
CORNER POCKET THE,Lewis Bear,"Pensacola, Destin, Panama City, Fort Walton Beach",FL,
ST ANDY S SPORTS PUB,Lewis Bear,"Pensacola, Destin, Panama City, Fort Walton Beach",FL,
BEACH & BREW ON 30A LLC,Lewis Bear,"Pensacola, Destin, Panama City, Fort Walton Beach",FL,
HARBOR CRAFT BAR,Lewis Bear,"Pensacola, Destin, Panama City, Fort Walton Beach",FL,
THE BRASS TAP,Lewis Bear,"Pensacola, Destin, Panama City, Fort Walton Beach",FL,
PIGGLY WIGGLY 15TH STREET,Lewis Bear,"Pensacola, Destin, Panama City, Fort Walton Beach",FL,
HAUGHTY HERON,Lewis Bear,"Pensacola, Destin, Panama City, Fort Walton Beach",FL,
INDIAN PASS GENERAL STORE,Lewis Bear,"Pensacola, Destin, Panama City, Fort Walton Beach",FL,
BURGUNBARREL,Lewis Bear,"Pensacola, Destin, Panama City, Fort Walton Beach",FL,
SOLA COFFEE BAR LLC,Lewis Bear,"Pensacola, Destin, Panama City, Fort Walton Beach",FL,
RED DOOR THE - DESTIN,Lewis Bear,"Pensacola, Destin, Panama City, Fort Walton Beach",FL,
FINNS BARISTA BAR AT LITTLE VILLAGE,Lewis Bear,"Pensacola, Destin, Panama City, Fort Walton Beach",FL,
BISTRO PALMS,Lewis Bear,"Pensacola, Destin, Panama City, Fort Walton Beach",FL,
THE DIVE,Lewis Bear,"Pensacola, Destin, Panama City, Fort Walton Beach",FL,
BELLE S WINERY AND SALOON,Lewis Bear,"Pensacola, Destin, Panama City, Fort Walton Beach",FL,
ST ANDREWS SLICE HOUSE,Lewis Bear,"Pensacola, Destin, Panama City, Fort Walton Beach",FL,
BOGGY BAYOU CONV STORE,Lewis Bear,"Pensacola, Destin, Panama City, Fort Walton Beach",FL,
CALLAWAY SLICE HOUSE,Lewis Bear,"Pensacola, Destin, Panama City, Fort Walton Beach",FL,
RACEWAY -DESTIN,Lewis Bear,"Pensacola, Destin, Panama City, Fort Walton Beach",FL,
HONEY HOLE LIQUORS,Lewis Bear,"Pensacola, Destin, Panama City, Fort Walton Beach",FL,
BUDDYS FOOD MART #3,Lewis Bear,"Pensacola, Destin, Panama City, Fort Walton Beach",FL,
SOUTHERN ROOTS BAR AND GRILL,Lewis Bear,"Pensacola, Destin, Panama City, Fort Walton Beach",FL,
AMI 100 FOOD STORE,Lewis Bear,"Pensacola, Destin, Panama City, Fort Walton Beach",FL,
NEWBYS LIQUORS,Lewis Bear,"Pensacola, Destin, Panama City, Fort Walton Beach",FL,
COWGIRL KITCHEN MARKET,Lewis Bear,"Pensacola, Destin, Panama City, Fort Walton Beach",FL,
RED WHITE AND BREW INC,Lewis Bear,"Pensacola, Destin, Panama City, Fort Walton Beach",FL,
LONGBILLS PUB & GRUB,Lewis Bear,"Pensacola, Destin, Panama City, Fort Walton Beach",FL,
CHRISTO S SPORTS BAR AND GRILL,Lewis Bear,"Pensacola, Destin, Panama City, Fort Walton Beach",FL,
PICKLES BURGER & SHAKE,Lewis Bear,"Pensacola, Destin, Panama City, Fort Walton Beach",FL,
DOWNTOWN SLICE HOUSE,Lewis Bear,"Pensacola, Destin, Panama City, Fort Walton Beach",FL,
MARRIOTT S LEGENDS EDGE AT BAY,Lewis Bear,"Pensacola, Destin, Panama City, Fort Walton Beach",FL,
NEONS BEACH SHACK,Lewis Bear,"Pensacola, Destin, Panama City, Fort Walton Beach",FL,
TAPROOT,Lewis Bear,"Pensacola, Destin, Panama City, Fort Walton Beach",FL,
KEEPER S BISTRO & BAR,Lewis Bear,"Pensacola, Destin, Panama City, Fort Walton Beach",FL,
MASON S FAMOUS LOBSTER ROLLS,Lewis Bear,"Pensacola, Destin, Panama City, Fort Walton Beach",FL,
DONATIONS,Lewis Bear,"Pensacola, Destin, Panama City, Fort Walton Beach",FL,
CAROUSEL THE,Lewis Bear,"Pensacola, Destin, Panama City, Fort Walton Beach",FL,
SAM S SIMPLY SEAFOOD,Lewis Bear,"Pensacola, Destin, Panama City, Fort Walton Beach",FL,
WINE WORLD NICEVILLE,Lewis Bear,"Pensacola, Destin, Panama City, Fort Walton Beach",FL,
WEST END LIQUORS,Lewis Bear,"Pensacola, Destin, Panama City, Fort Walton Beach",FL,
BLUEWATER FOOD MART,Lewis Bear,"Pensacola, Destin, Panama City, Fort Walton Beach",FL,
SALTY HOBO,Lewis Bear,"Pensacola, Destin, Panama City, Fort Walton Beach",FL,
PANAMA CITY BEACH WINERY,Lewis Bear,"Pensacola, Destin, Panama City, Fort Walton Beach",FL,
DESTIN ICE SEAFOOD & MARKET 30,Lewis Bear,"Pensacola, Destin, Panama City, Fort Walton Beach",FL,
BEEF O BRADY S - TVILLE,Johnson Distributing,"Thomasville, Valdosta",GA,
HUBS AND HOPS,Johnson Distributing,"Thomasville, Valdosta",GA,
OM LIQUORS,Johnson Distributing,"Thomasville, Valdosta",GA,
LIQUOR BARN,Johnson Distributing,"Thomasville, Valdosta",GA,
LC S SPORTS BAR,Johnson Distributing,"Thomasville, Valdosta",GA,
LONGHORN #5365,Johnson Distributing,"Thomasville, Valdosta",GA,
BOB & JEFF S IGA,Johnson Distributing,"Thomasville, Valdosta",GA,
RUMRUNNER S,Johnson Distributing,"Thomasville, Valdosta",GA,
ST JAMES OYSTER CO,Johnson Distributing,"Thomasville, Valdosta",GA,
RACKS,Johnson Distributing,"Thomasville, Valdosta",GA,
SALTY SNAPPER,Johnson Distributing,"Thomasville, Valdosta",GA,
AMERICAN LEGION - WILLIAM,Johnson Distributing,"Thomasville, Valdosta",GA,
LIQUOR KING,Johnson Distributing,"Thomasville, Valdosta",GA,
BILLARD ACADEMY,Johnson Distributing,"Thomasville, Valdosta",GA,
FAIRWAY TAVERN,Johnson Distributing,"Thomasville, Valdosta",GA,
CORK AND BARREL,Johnson Distributing,"Thomasville, Valdosta",GA,
WOODEN NICKEL - PERIMETER,Johnson Distributing,"Thomasville, Valdosta",GA,
MOON SPIN,Johnson Distributing,"Thomasville, Valdosta",GA,
NEW CUSTOMER,Johnson Distributing,"Thomasville, Valdosta",GA,
7 DAYS LIQUOR,Johnson Distributing,"Thomasville, Valdosta",GA,
MOM & DAD S - TVILLE,Johnson Distributing,"Thomasville, Valdosta",GA,
PLAZA RESTAURANT,Johnson Distributing,"Thomasville, Valdosta",GA,
LIAM S RESTAURANT,Johnson Distributing,"Thomasville, Valdosta",GA,
THE DOG AND PONY,Johnson Distributing,"Thomasville, Valdosta",GA,
MAFB-FIELD CLUB PROM,Johnson Distributing,"Thomasville, Valdosta",GA,
MID STREET BAR & GRILL,Johnson Distributing,"Thomasville, Valdosta",GA,
THE TAVERN ON BROAD,Johnson Distributing,"Thomasville, Valdosta",GA,
MADISON PKG STORE,Johnson Distributing,"Thomasville, Valdosta",GA,
MITTY S - VALDOSTA,Johnson Distributing,"Thomasville, Valdosta",GA,
THE KICKSTAND,Johnson Distributing,"Thomasville, Valdosta",GA,
FAST BREAK LIQUOR,Johnson Distributing,"Thomasville, Valdosta",GA,
BIG NICK S,Johnson Distributing,"Thomasville, Valdosta",GA,
THE SILO,Johnson Distributing,"Thomasville, Valdosta",GA,
UNCLE CARLO S ITALIAN RES,Johnson Distributing,"Thomasville, Valdosta",GA,
SUSIE Q S #27 - JACKSON,Johnson Distributing,"Thomasville, Valdosta",GA,
BROOKS LIQUOR,Johnson Distributing,"Thomasville, Valdosta",GA,
EXIT 18 LIQUORS,Johnson Distributing,"Thomasville, Valdosta",GA,
HOMETOWN LIQUORS,Johnson Distributing,"Thomasville, Valdosta",GA,
RAILROAD PACKAGE,Johnson Distributing,"Thomasville, Valdosta",GA,
HOLIDAY SPIRITS,Johnson Distributing,"Thomasville, Valdosta",GA,
1ST CHOICE STORES,Johnson Distributing,"Thomasville, Valdosta",GA,
BUBBA JAX CRAB SHACK,Johnson Distributing,"Thomasville, Valdosta",GA,
LIQUOR LOFT,Johnson Distributing,"Thomasville, Valdosta",GA,
WOODSTACK BBQ TVILLE,Johnson Distributing,"Thomasville, Valdosta",GA,
FABULOUS PIZZA,Johnson Distributing,"Thomasville, Valdosta",GA,
WOODSTACK BBQ - VALD,Johnson Distributing,"Thomasville, Valdosta",GA,
KINDERLOU FORREST GOLF CL,Johnson Distributing,"Thomasville, Valdosta",GA,
BARWICK BILLIARDS,Johnson Distributing,"Thomasville, Valdosta",GA,
BROOKS BEVERAGE,Johnson Distributing,"Thomasville, Valdosta",GA,
MOM & DAD S - VALDOSTA,Johnson Distributing,"Thomasville, Valdosta",GA,
J S WINE & SPIRITS,Johnson Distributing,"Thomasville, Valdosta",GA,
PIT STOP LIQUORS,Johnson Distributing,"Thomasville, Valdosta",GA,
MO S MEDITERRANIAN TABLE,Johnson Distributing,"Thomasville, Valdosta",GA,
HAHIRA LIQUORS,Johnson Distributing,"Thomasville, Valdosta",GA,
PICASSOS PIZZERIA,North Florida Sales,"Jacksonville, St. Augustine, Lake City",FL,
LEADERBOARD ARCADE BAR & PIZZERIA (,North Florida Sales,"Jacksonville, St. Augustine, Lake City",FL,
REALLY GOOD BEER STOP (PINE LAKE DR,North Florida Sales,"Jacksonville, St. Augustine, Lake City",FL,
INK & BARLEY,North Florida Sales,"Jacksonville, St. Augustine, Lake City",FL,
FORGOTTEN TONIC,North Florida Sales,"Jacksonville, St. Augustine, Lake City",FL,
V PIZZA (MANDARIN),North Florida Sales,"Jacksonville, St. Augustine, Lake City",FL,
BEER 30 INC (KEG & COIN - KING ST),North Florida Sales,"Jacksonville, St. Augustine, Lake City",FL,
SPINSTER ABBOTT S,North Florida Sales,"Jacksonville, St. Augustine, Lake City",FL,
BEER:30 (SAN MARCO),North Florida Sales,"Jacksonville, St. Augustine, Lake City",FL,
CANDLELIGHT SOUTH RESTAUR,North Florida Sales,"Jacksonville, St. Augustine, Lake City",FL,
NATIVE SUN NATURAL FOODS-BEACH,North Florida Sales,"Jacksonville, St. Augustine, Lake City",FL,
ABC LIQUORS #190,North Florida Sales,"Jacksonville, St. Augustine, Lake City",FL,
SILVER COW,North Florida Sales,"Jacksonville, St. Augustine, Lake City",FL,
RIVERSIDE CRAFT BEER FESTIVAL,North Florida Sales,"Jacksonville, St. Augustine, Lake City",FL,
MUGGSY S,North Florida Sales,"Jacksonville, St. Augustine, Lake City",FL,
BACK 40 URBAN FRESH (FRUIT COVE),North Florida Sales,"Jacksonville, St. Augustine, Lake City",FL,
ALEWIFE,North Florida Sales,"Jacksonville, St. Augustine, Lake City",FL,
SAFEWAY DISCOUNT BEVERAGES #3,North Florida Sales,"Jacksonville, St. Augustine, Lake City",FL,
ROOT DOWN,North Florida Sales,"Jacksonville, St. Augustine, Lake City",FL,
PROSPECT FIVE POINTS,North Florida Sales,"Jacksonville, St. Augustine, Lake City",FL,
NOCATEE AMENITY CENTER,North Florida Sales,"Jacksonville, St. Augustine, Lake City",FL,
STOGIES CIGAR EMPORIUM,North Florida Sales,"Jacksonville, St. Augustine, Lake City",FL,
DART BAR,North Florida Sales,"Jacksonville, St. Augustine, Lake City",FL,
BLUE JAY LISTENING ROOM,North Florida Sales,"Jacksonville, St. Augustine, Lake City",FL,
BEDLAM BREWING COMPANY,North Florida Sales,"Jacksonville, St. Augustine, Lake City",FL,
MELLOW MUSHROOM PIZZA BAKERS (DEERL,North Florida Sales,"Jacksonville, St. Augustine, Lake City",FL,
THE CAVERN (SAN JOSE),North Florida Sales,"Jacksonville, St. Augustine, Lake City",FL,
FRESH MARKET #0025 - LIQUOR,North Florida Sales,"Jacksonville, St. Augustine, Lake City",FL,
POUR TAPROOM,North Florida Sales,"Jacksonville, St. Augustine, Lake City",FL,
PINSIPIRATION - PONTE VEDRA,North Florida Sales,"Jacksonville, St. Augustine, Lake City",FL,
PRESS,North Florida Sales,"Jacksonville, St. Augustine, Lake City",FL,
HOPPY PORCH LLC,North Florida Sales,"Jacksonville, St. Augustine, Lake City",FL,
CITY PERKS FORT ALLEY  STOGIES CIGA,North Florida Sales,"Jacksonville, St. Augustine, Lake City",FL,
SOUTHERN STEER BUTCHER,North Florida Sales,"Jacksonville, St. Augustine, Lake City",FL,
BROUDYS CUT RATE LIQUORS (PONCE DE,North Florida Sales,"Jacksonville, St. Augustine, Lake City",FL,
THE BREW SHED,North Florida Sales,"Jacksonville, St. Augustine, Lake City",FL,
TREASURY ON THE PLAZA,North Florida Sales,"Jacksonville, St. Augustine, Lake City",FL,
PJD S,North Florida Sales,"Jacksonville, St. Augustine, Lake City",FL,
VINNYS PLACE,North Florida Sales,"Jacksonville, St. Augustine, Lake City",FL,
PJ LIQUOR (PONCE DE LEON),North Florida Sales,"Jacksonville, St. Augustine, Lake City",FL,
SHORES FINE WINE & SPIRITS @ SAN PA,North Florida Sales,"Jacksonville, St. Augustine, Lake City",FL,
ROYAL PALM VILLAGE WINE & TAPAS,North Florida Sales,"Jacksonville, St. Augustine, Lake City",FL,
AXE CHAMPS INC,North Florida Sales,"Jacksonville, St. Augustine, Lake City",FL,
RENDEZVOUS WINE & FOOD BA,North Florida Sales,"Jacksonville, St. Augustine, Lake City",FL,
HARPOON LOUIES,North Florida Sales,"Jacksonville, St. Augustine, Lake City",FL,
JIMMY HULA S OF ST AUG,North Florida Sales,"Jacksonville, St. Augustine, Lake City",FL,
AUGGIES DRAFT ROOM,North Florida Sales,"Jacksonville, St. Augustine, Lake City",FL,
SOLIDS & STRIPES BILLIARDS,North Florida Sales,"Jacksonville, St. Augustine, Lake City",FL,
V PIZZA & TAP GARDEN (FLEMING),North Florida Sales,"Jacksonville, St. Augustine, Lake City",FL,
SIMONE S WOOD FIRED CRAFT KITCHEN,North Florida Sales,"Jacksonville, St. Augustine, Lake City",FL,
GAS FULL SERVICE RESTAURA,North Florida Sales,"Jacksonville, St. Augustine, Lake City",FL,
WICK N TWISTED,North Florida Sales,"Jacksonville, St. Augustine, Lake City",FL,
FLORIDIAN (THE),North Florida Sales,"Jacksonville, St. Augustine, Lake City",FL,
FORE SCORE GOLF TAVERN,North Florida Sales,"Jacksonville, St. Augustine, Lake City",FL,
ICE BALL LIQUOR,North Florida Sales,"Jacksonville, St. Augustine, Lake City",FL,
GRAPE AND GRAIN EXCHANGE (THE),North Florida Sales,"Jacksonville, St. Augustine, Lake City",FL,
TOON TOWN PICKLEBALL,North Florida Sales,"Jacksonville, St. Augustine, Lake City",FL,
DISCO WITCH BREWING,North Florida Sales,"Jacksonville, St. Augustine, Lake City",FL,
KANINE SOCIAL,North Florida Sales,"Jacksonville, St. Augustine, Lake City",FL,
Waypoint 27 North,Gold Coast,Sarasota,FL,
Ferraros Italian Grille,Gold Coast,Sarasota,FL,
Ed s Tavern,Gold Coast,Sarasota,FL,
Oak & Stone,Gold Coast,Sarasota,FL,
Siesta Market,Gold Coast,Sarasota,FL,
Lbk Liquors / Chubbys,Gold Coast,Sarasota,FL,
Florida Provisions Co.,Gold Coast,Sarasota,FL,
Sunflower Discount Grocer,Gold Coast,Sarasota,FL,
Island House Tap And Gril,Gold Coast,Sarasota,FL,
Off Trail Bike Company,Gold Coast,Sarasota,FL,
Inner Compass Brewing Co,Gold Coast,Sarasota,FL,
Ozy s Tavern,Gold Coast,Sarasota,FL,
Block 15 Cork & Craft,Gold Coast,Sarasota,FL,
Hurricane Hanks - Pkg Onl,Gold Coast,Sarasota,FL,
Fat Rabbit Pub,Gold Coast,Sarasota,FL,
Sarasota Special Events,Gold Coast,Sarasota,FL,
Irmas Tacos Craft Beer,Gold Coast,Sarasota,FL,
Cask & Ale,Gold Coast,Sarasota,FL,
Kore Restaurant,Gold Coast,Sarasota,FL,
Gulf Gate Food & Beer,Gold Coast,Sarasota,FL,
Back Alley,Gold Coast,Sarasota,FL,
Time Saver Wine & Spirits,Gold Coast,Sarasota,FL,
Mortons Gourmet Market,Gold Coast,Sarasota,FL,
Holiday Liquor,Gold Coast,Sarasota,FL,
Food and Beer,Gold Coast,Sarasota,FL,
Lost Kangaroo Pub,Gold Coast,Sarasota,FL,
Food+Beer,Gold Coast,Sarasota,FL,
Sun Lab Brewing,Gold Coast,Sarasota,FL,
The Fountain Kitchen & Wi,Gold Coast,Sarasota,FL,
Lila,Gold Coast,Sarasota,FL,
Brian Goetz Salon,Gold Coast,Sarasota,FL,
Glass Bottom Tavern,Gold Coast,Sarasota,FL,
Olive Grove Of Venice Flo,Gold Coast,Sarasota,FL,
Lorraine Lakes Town Ctr,Gold Coast,Sarasota,FL,
Siesta Village Liquors,Gold Coast,Sarasota,FL,
INFUSION BREWING CO LLC,Progressive Distributing,"St. Petersburg, Clearwater, Dunedin, Tarpon Springs, New Port Richey",FL,
ABC LIQUORS #151,Progressive Distributing,"St. Petersburg, Clearwater, Dunedin, Tarpon Springs, New Port Richey",FL,
ABC LIQUORS #128,Progressive Distributing,"St. Petersburg, Clearwater, Dunedin, Tarpon Springs, New Port Richey",FL,
LUEKENS BIGTOWN LIQ OLDS,Progressive Distributing,"St. Petersburg, Clearwater, Dunedin, Tarpon Springs, New Port Richey",FL,
ABC LIQUORS #159,Progressive Distributing,"St. Petersburg, Clearwater, Dunedin, Tarpon Springs, New Port Richey",FL,
SIDE BAR,Progressive Distributing,"St. Petersburg, Clearwater, Dunedin, Tarpon Springs, New Port Richey",FL,
FRIENDSHIP WINE & LIQUOR,Progressive Distributing,"St. Petersburg, Clearwater, Dunedin, Tarpon Springs, New Port Richey",FL,
ABC LIQUORS #153,Progressive Distributing,"St. Petersburg, Clearwater, Dunedin, Tarpon Springs, New Port Richey",FL,
THE TRAIN STATION,Progressive Distributing,"St. Petersburg, Clearwater, Dunedin, Tarpon Springs, New Port Richey",FL,
LOCAL BREWING COMPANY,Progressive Distributing,"St. Petersburg, Clearwater, Dunedin, Tarpon Springs, New Port Richey",FL,
DENTED KEG ALE WORKS,Progressive Distributing,"St. Petersburg, Clearwater, Dunedin, Tarpon Springs, New Port Richey",FL,
FIRESIDE PIZZA CAFE,Progressive Distributing,"St. Petersburg, Clearwater, Dunedin, Tarpon Springs, New Port Richey",FL,
EMERALD COAST BREW CO,Progressive Distributing,"St. Petersburg, Clearwater, Dunedin, Tarpon Springs, New Port Richey",FL,
JOHNNY S TAPHOUSE & GRILL,Progressive Distributing,"St. Petersburg, Clearwater, Dunedin, Tarpon Springs, New Port Richey",FL,
RIDGEMOOR RALLY,Progressive Distributing,"St. Petersburg, Clearwater, Dunedin, Tarpon Springs, New Port Richey",FL,
SOUTHERN STEER BUTCHER (CLEARWATER),Progressive Distributing,"St. Petersburg, Clearwater, Dunedin, Tarpon Springs, New Port Richey",FL,
PALM HARBOR HOUSE OF B(C),Progressive Distributing,"St. Petersburg, Clearwater, Dunedin, Tarpon Springs, New Port Richey",FL,
ROSIE S TAVERN OF NPR,Progressive Distributing,"St. Petersburg, Clearwater, Dunedin, Tarpon Springs, New Port Richey",FL,
TARPON TAPHOUSE FL BEERS,Progressive Distributing,"St. Petersburg, Clearwater, Dunedin, Tarpon Springs, New Port Richey",FL,
ESTUARY,Progressive Distributing,"St. Petersburg, Clearwater, Dunedin, Tarpon Springs, New Port Richey",FL,
LUEKENS (TS),Progressive Distributing,"St. Petersburg, Clearwater, Dunedin, Tarpon Springs, New Port Richey",FL,
NIKO S NEIGHBORHOOD BAR,Progressive Distributing,"St. Petersburg, Clearwater, Dunedin, Tarpon Springs, New Port Richey",FL,
COOLSIDE GELATO BAR,Progressive Distributing,"St. Petersburg, Clearwater, Dunedin, Tarpon Springs, New Port Richey",FL,
BROAD STREET BREWING CO,Progressive Distributing,"St. Petersburg, Clearwater, Dunedin, Tarpon Springs, New Port Richey",FL,
FLORIDA CRACKER PIZZA KIT,Progressive Distributing,"St. Petersburg, Clearwater, Dunedin, Tarpon Springs, New Port Richey",FL,
PINE STREET PUB,Progressive Distributing,"St. Petersburg, Clearwater, Dunedin, Tarpon Springs, New Port Richey",FL,
CRUMPS LANDING,Progressive Distributing,"St. Petersburg, Clearwater, Dunedin, Tarpon Springs, New Port Richey",FL,
SUNCOAST WINE & LIQUOR,Progressive Distributing,"St. Petersburg, Clearwater, Dunedin, Tarpon Springs, New Port Richey",FL,
SKINNYS BAR & GRILL,Progressive Distributing,"St. Petersburg, Clearwater, Dunedin, Tarpon Springs, New Port Richey",FL,
BLACK DIAMOND CLUB,Progressive Distributing,"St. Petersburg, Clearwater, Dunedin, Tarpon Springs, New Port Richey",FL,
KC WINE AND KOFFEE BAR,Progressive Distributing,"St. Petersburg, Clearwater, Dunedin, Tarpon Springs, New Port Richey",FL,
DANNYS BAR AND GRILL,Progressive Distributing,"St. Petersburg, Clearwater, Dunedin, Tarpon Springs, New Port Richey",FL,
ZIMZARI CALIF COASTAL,Progressive Distributing,"St. Petersburg, Clearwater, Dunedin, Tarpon Springs, New Port Richey",FL,
CRAFT STREET (NPR),Progressive Distributing,"St. Petersburg, Clearwater, Dunedin, Tarpon Springs, New Port Richey",FL,
NAUTI DOG TAPEHOUSE/EA(C),Progressive Distributing,"St. Petersburg, Clearwater, Dunedin, Tarpon Springs, New Port Richey",FL,
GET HOOKED(C),Progressive Distributing,"St. Petersburg, Clearwater, Dunedin, Tarpon Springs, New Port Richey",FL,
GLENLAKE LIQUORS,Progressive Distributing,"St. Petersburg, Clearwater, Dunedin, Tarpon Springs, New Port Richey",FL,
LUEKENS WINE & SPIRITS-PH,Progressive Distributing,"St. Petersburg, Clearwater, Dunedin, Tarpon Springs, New Port Richey",FL,
BEER FROG,Progressive Distributing,"St. Petersburg, Clearwater, Dunedin, Tarpon Springs, New Port Richey",FL,
FAIRFIELD BY MARRIOTT INN,Progressive Distributing,"St. Petersburg, Clearwater, Dunedin, Tarpon Springs, New Port Richey",FL,
LATTITUDE 28,Progressive Distributing,"St. Petersburg, Clearwater, Dunedin, Tarpon Springs, New Port Richey",FL,
PIGGLY WIGGLY #594,Lewis Bear,"Pensacola, Destin, Panama City, Fort Walton Beach",FL,
BEACH LIQUORS/PARADISE POINTE,Lewis Bear,"Pensacola, Destin, Panama City, Fort Walton Beach",FL,
NAVARRE LIQUORS,Lewis Bear,"Pensacola, Destin, Panama City, Fort Walton Beach",FL,
SAMMY BARKERS,Lewis Bear,"Pensacola, Destin, Panama City, Fort Walton Beach",FL,
SALT HOP BREWING LLC,Lewis Bear,"Pensacola, Destin, Panama City, Fort Walton Beach",FL,
BETTYS,Lewis Bear,"Pensacola, Destin, Panama City, Fort Walton Beach",FL,
BEACH LIQUORS PNS,Lewis Bear,"Pensacola, Destin, Panama City, Fort Walton Beach",FL,
KELLEY S LIQUORS,Lewis Bear,"Pensacola, Destin, Panama City, Fort Walton Beach",FL,
O RILEYS DOWNTOWN IRISH PUB,Lewis Bear,"Pensacola, Destin, Panama City, Fort Walton Beach",FL,
TOBACCO ANNIES #2,Lewis Bear,"Pensacola, Destin, Panama City, Fort Walton Beach",FL,
EVERMAN CO-OP GROCERY & CAFE,Lewis Bear,"Pensacola, Destin, Panama City, Fort Walton Beach",FL,
BARRACKS STREET FISH HOUSE,Lewis Bear,"Pensacola, Destin, Panama City, Fort Walton Beach",FL,
HUB STACEY S,Lewis Bear,"Pensacola, Destin, Panama City, Fort Walton Beach",FL,
MAJIK MARKET,Lewis Bear,"Pensacola, Destin, Panama City, Fort Walton Beach",FL,
THE GRID ARCADE,Lewis Bear,"Pensacola, Destin, Panama City, Fort Walton Beach",FL,
WISTERIA,Lewis Bear,"Pensacola, Destin, Panama City, Fort Walton Beach",FL,
WINE WORLD OUTLET PENSACOLA,Lewis Bear,"Pensacola, Destin, Panama City, Fort Walton Beach",FL,
FOOD OUTLET,Lewis Bear,"Pensacola, Destin, Panama City, Fort Walton Beach",FL,
PARAMOUNT LIQUOR,Lewis Bear,"Pensacola, Destin, Panama City, Fort Walton Beach",FL,
BADLANDS,Lewis Bear,"Pensacola, Destin, Panama City, Fort Walton Beach",FL,
SKYS PIZZA PIE,Lewis Bear,"Pensacola, Destin, Panama City, Fort Walton Beach",FL,
GOAT LIPS DELI & DINNER,Lewis Bear,"Pensacola, Destin, Panama City, Fort Walton Beach",FL,
RICHEYS EAST,Lewis Bear,"Pensacola, Destin, Panama City, Fort Walton Beach",FL,
WINE WORLD FORT WALTON BEACH,Lewis Bear,"Pensacola, Destin, Panama City, Fort Walton Beach",FL,
PALLET BAR AND GRILL,Lewis Bear,"Pensacola, Destin, Panama City, Fort Walton Beach",FL,
THE GREY TAPROOM,Lewis Bear,"Pensacola, Destin, Panama City, Fort Walton Beach",FL,
RICHEYS EAST #2,Lewis Bear,"Pensacola, Destin, Panama City, Fort Walton Beach",FL,
RICHEY S EAST INC GREGORY,Lewis Bear,"Pensacola, Destin, Panama City, Fort Walton Beach",FL,
DONATION BEER ACCOUNT-NO DISC,Lewis Bear,"Pensacola, Destin, Panama City, Fort Walton Beach",FL,
FISH HOUSE TACKLE SHOP GIFTS,Lewis Bear,"Pensacola, Destin, Panama City, Fort Walton Beach",FL,
LIQUOR STORE THE,Lewis Bear,"Pensacola, Destin, Panama City, Fort Walton Beach",FL,
SABRINA FOOD MART INC,Lewis Bear,"Pensacola, Destin, Panama City, Fort Walton Beach",FL,
GULF COAST GARAGE,Lewis Bear,"Pensacola, Destin, Panama City, Fort Walton Beach",FL,
PENSACOLA BEACH FOOD MART,Lewis Bear,"Pensacola, Destin, Panama City, Fort Walton Beach",FL,
BOUNCE BEACH,Lewis Bear,"Pensacola, Destin, Panama City, Fort Walton Beach",FL,
HB THREE,Lewis Bear,"Pensacola, Destin, Panama City, Fort Walton Beach",FL,
LUCYS IN THE SQUARE,Lewis Bear,"Pensacola, Destin, Panama City, Fort Walton Beach",FL,
SKYS PIZZA PIE PACE,Lewis Bear,"Pensacola, Destin, Panama City, Fort Walton Beach",FL,
CROOKED TALE GASTRO PUB,Lewis Bear,"Pensacola, Destin, Panama City, Fort Walton Beach",FL,
FIVE POINTS LIQUOR AND WINE,Lewis Bear,"Pensacola, Destin, Panama City, Fort Walton Beach",FL,
GROCERY ADVANTAGE DAVIS,Lewis Bear,"Pensacola, Destin, Panama City, Fort Walton Beach",FL,
OLIVE ROAD FOOD MART,Lewis Bear,"Pensacola, Destin, Panama City, Fort Walton Beach",FL,
RADBAR LLC,Lewis Bear,"Pensacola, Destin, Panama City, Fort Walton Beach",FL,
FUSION FINE WINE AND SPIRITS,Lewis Bear,"Pensacola, Destin, Panama City, Fort Walton Beach",FL,
LINDSEY ENGEL PNS,Lewis Bear,"Pensacola, Destin, Panama City, Fort Walton Beach",FL,
SPIRIT OF THE SUWANNEE MUSIC PARK,North Florida Sales,"Jacksonville, St. Augustine, Lake City",FL,
GATORS DOCKSIDE (LAKE CITY),North Florida Sales,"Jacksonville, St. Augustine, Lake City",FL,
SPIRIT OF THE SUWANNEE MUSIC PARK -,North Florida Sales,"Jacksonville, St. Augustine, Lake City",FL,
LIVE OAK LIQUORS,North Florida Sales,"Jacksonville, St. Augustine, Lake City",FL,
GATEWAY CITY CRAFT BEER & WINE FEST,North Florida Sales,"Jacksonville, St. Augustine, Lake City",FL,
47 LIQUOR,North Florida Sales,"Jacksonville, St. Augustine, Lake City",FL,
PHISH HEADS,North Florida Sales,"Jacksonville, St. Augustine, Lake City",FL,
JAYVEER LIQUOR,North Florida Sales,"Jacksonville, St. Augustine, Lake City",FL,
EZ CORNER FOOD STORE #2,North Florida Sales,"Jacksonville, St. Augustine, Lake City",FL,
PORT 27 BREWING CO,Bernie Little,"Lakeland, Sebring, Winter Haven",FL,
UNION TAP ROOM,Bernie Little,"Lakeland, Sebring, Winter Haven",FL,
1845 TAP HOUSE,Bernie Little,"Lakeland, Sebring, Winter Haven",FL,
THE JOINERY,Bernie Little,"Lakeland, Sebring, Winter Haven",FL,
OVATION BISTRO & BAR,Bernie Little,"Lakeland, Sebring, Winter Haven",FL,
FOOD + BEER,Bernie Little,"Lakeland, Sebring, Winter Haven",FL,
SWAN BREWING,Bernie Little,"Lakeland, Sebring, Winter Haven",FL,
PADDYWAGON WINTER HAVEN,Bernie Little,"Lakeland, Sebring, Winter Haven",FL,
THE CLUB AT EAGLEBROOKE,Bernie Little,"Lakeland, Sebring, Winter Haven",FL,
CRAVE HOT DOGS & BBQ,Bernie Little,"Lakeland, Sebring, Winter Haven",FL,
CENTRAL TAVERN,Bernie Little,"Lakeland, Sebring, Winter Haven",FL,
IL FORNO SOCRUM,Bernie Little,"Lakeland, Sebring, Winter Haven",FL,
SOUTHSIDE PKG/LOUNGE,Bernie Little,"Lakeland, Sebring, Winter Haven",FL,
GLORY DAYS GRILL LKLD,Bernie Little,"Lakeland, Sebring, Winter Haven",FL,
TAP THAT BEER HOUSE,Bernie Little,"Lakeland, Sebring, Winter Haven",FL,
SOCE MARKET,Bernie Little,"Lakeland, Sebring, Winter Haven",FL,
BEEF O BRADYS NORTH LKLD,Bernie Little,"Lakeland, Sebring, Winter Haven",FL,
COB & PEN,Bernie Little,"Lakeland, Sebring, Winter Haven",FL,
PADDYWAGON LAKELAND,Bernie Little,"Lakeland, Sebring, Winter Haven",FL,
ANOTHER ROUND @ HIGHLANDS,Bernie Little,"Lakeland, Sebring, Winter Haven",FL,
OK CORRAL GUN CLUB 2,Bernie Little,"Lakeland, Sebring, Winter Haven",FL,
FADED BISTRO & BEER GARDE,Bernie Little,"Lakeland, Sebring, Winter Haven",FL,
SUNSET GRILLE,Bernie Little,"Lakeland, Sebring, Winter Haven",FL,
NEW SPRING LAKE PARTNERS,Bernie Little,"Lakeland, Sebring, Winter Haven",FL,
BLUE LAGOON SALOON,Bernie Little,"Lakeland, Sebring, Winter Haven",FL,
